{"cameraMode":{"drawMode":0,"name":"Shaded","section":"Shading Mode"},"sceneLighting":false,"audioPlay":false,"sceneViewState":{"showFog":true,"showMaterialUpdate":false,"showSkybox":true,"showFlares":true,"showImageEffects":true,"showParticleSystems":true,"showVisualEffectGraphs":true,"m_FxEnabled":true},"in2DMode":false,"pivot":{"x":17.47608184814453,"y":3.4812123775482179,"z":-11.115094184875489},"rotation":{"x":-0.006189042702317238,"y":0.9933249950408936,"z":-0.06142982468008995,"w":-0.09168485552072525},"size":13.219446182250977,"orthographic":false}