{"cameraMode":{"drawMode":0,"name":"Shaded","section":"Shading Mode"},"sceneLighting":false,"audioPlay":false,"sceneViewState":{"showFog":true,"showMaterialUpdate":false,"showSkybox":true,"showFlares":true,"showImageEffects":true,"showParticleSystems":true,"showVisualEffectGraphs":true,"m_FxEnabled":true},"in2DMode":false,"pivot":{"x":-0.23607707023620606,"y":5.289109230041504,"z":-0.10689210891723633},"rotation":{"x":0.233568012714386,"y":-0.10239268839359284,"z":0.023455429822206498,"w":0.9651042222976685},"size":17.027692794799806,"orthographic":false}