{"cameraMode":{"drawMode":0,"name":"Shaded","section":"Shading Mode"},"sceneLighting":false,"audioPlay":false,"sceneViewState":{"showFog":true,"showMaterialUpdate":false,"showSkybox":true,"showFlares":true,"showImageEffects":true,"showParticleSystems":true,"showVisualEffectGraphs":true,"m_FxEnabled":true},"in2DMode":false,"pivot":{"x":0.040442466735839847,"y":4.016607284545898,"z":1.9879229068756104},"rotation":{"x":0.20868940651416779,"y":0.6428070068359375,"z":-0.19036807119846345,"w":0.7099401950836182},"size":7.981071472167969,"orthographic":false}