{"cameraMode":{"drawMode":0,"name":"Shaded","section":"Shading Mode"},"sceneLighting":false,"audioPlay":false,"sceneViewState":{"showFog":true,"showMaterialUpdate":false,"showSkybox":true,"showFlares":true,"showImageEffects":true,"showParticleSystems":true,"showVisualEffectGraphs":true,"m_FxEnabled":true},"in2DMode":false,"pivot":{"x":19.321935653686525,"y":8.254056930541993,"z":3.130765914916992},"rotation":{"x":0.005219670012593269,"y":0.9942901730537415,"z":-0.06304415315389633,"w":0.08434382826089859},"size":12.86275863647461,"orthographic":false}