{"cameraMode":{"drawMode":0,"name":"Shaded","section":"Shading Mode"},"sceneLighting":true,"audioPlay":false,"sceneViewState":{"showFog":true,"showMaterialUpdate":false,"showSkybox":true,"showFlares":true,"showImageEffects":true,"showParticleSystems":true,"showVisualEffectGraphs":true,"m_FxEnabled":true},"in2DMode":false,"pivot":{"x":-12.248844146728516,"y":10.54427719116211,"z":7.003131866455078},"rotation":{"x":0.07854020595550537,"y":-0.3147936761379242,"z":0.025722041726112367,"w":0.9446334838867188},"size":26.249879837036134,"orthographic":false}