{"cameraMode":{"drawMode":0,"name":"Shaded","section":"Shading Mode"},"sceneLighting":false,"audioPlay":false,"sceneViewState":{"showFog":true,"showMaterialUpdate":false,"showSkybox":true,"showFlares":true,"showImageEffects":true,"showParticleSystems":true,"showVisualEffectGraphs":true,"m_FxEnabled":true},"in2DMode":false,"pivot":{"x":20.834915161132814,"y":7.5971455574035648,"z":2.3047473430633547},"rotation":{"x":-0.023179953917860986,"y":0.9395392537117004,"z":0.06459338963031769,"w":0.3351093828678131},"size":11.466843605041504,"orthographic":false}