{"cameraMode":{"drawMode":0,"name":"Shaded","section":"Shading Mode"},"sceneLighting":false,"audioPlay":false,"sceneViewState":{"showFog":true,"showMaterialUpdate":false,"showSkybox":true,"showFlares":true,"showImageEffects":true,"showParticleSystems":true,"showVisualEffectGraphs":true,"m_FxEnabled":true},"in2DMode":false,"pivot":{"x":-288.70013427734377,"y":157.04640197753907,"z":20.663515090942384},"rotation":{"x":-0.049573060125112537,"y":-0.48657140135765078,"z":0.028519954532384874,"w":-0.869849681854248},"size":21.29253387451172,"orthographic":false}