{"cameraMode":{"drawMode":0,"name":"Shaded","section":"Shading Mode"},"sceneLighting":false,"audioPlay":false,"sceneViewState":{"showFog":true,"showMaterialUpdate":false,"showSkybox":true,"showFlares":true,"showImageEffects":true,"showParticleSystems":true,"showVisualEffectGraphs":true,"m_FxEnabled":true},"in2DMode":false,"pivot":{"x":20.36664581298828,"y":2.4294848442077638,"z":2.7255442142486574},"rotation":{"x":0.20711347460746766,"y":0.03161574527621269,"z":-0.006838513538241386,"w":0.9774298667907715},"size":17.800891876220704,"orthographic":false}