{"cameraMode":{"drawMode":0,"name":"Shaded","section":"Shading Mode"},"sceneLighting":false,"audioPlay":false,"sceneViewState":{"showFog":true,"showMaterialUpdate":false,"showSkybox":true,"showFlares":true,"showImageEffects":true,"showParticleSystems":true,"showVisualEffectGraphs":true,"m_FxEnabled":true},"in2DMode":false,"pivot":{"x":-11.419767379760743,"y":-0.15284596383571626,"z":-8.358845710754395},"rotation":{"x":0.04055440053343773,"y":-0.7294288873672485,"z":0.042433083057403567,"w":0.6793426871299744},"size":12.067113876342774,"orthographic":false}