{"cameraMode":{"drawMode":0,"name":"Shaded","section":"Shading Mode"},"sceneLighting":false,"audioPlay":false,"sceneViewState":{"showFog":true,"showMaterialUpdate":false,"showSkybox":true,"showFlares":true,"showImageEffects":true,"showParticleSystems":true,"showVisualEffectGraphs":true,"m_FxEnabled":true},"in2DMode":false,"pivot":{"x":20.468769073486329,"y":9.159012794494629,"z":25.257631301879884},"rotation":{"x":-0.11634498089551926,"y":0.009811523370444775,"z":0.00092761788982898,"w":0.9925110936164856},"size":21.702194213867189,"orthographic":false}