{"cameraMode":{"drawMode":0,"name":"Shaded","section":"Shading Mode"},"sceneLighting":false,"audioPlay":false,"sceneViewState":{"showFog":true,"showMaterialUpdate":false,"showSkybox":false,"showFlares":true,"showImageEffects":true,"showParticleSystems":true,"showVisualEffectGraphs":true,"m_FxEnabled":true},"in2DMode":false,"pivot":{"x":7.382613182067871,"y":5.0608954429626469,"z":0.33556023240089419},"rotation":{"x":0.038204729557037356,"y":0.7653844356536865,"z":0.04580547288060188,"w":-0.6406158804893494},"size":5.501883029937744,"orthographic":false}