{"cameraMode":{"drawMode":0,"name":"Shaded","section":"Shading Mode"},"sceneLighting":false,"audioPlay":false,"sceneViewState":{"showFog":true,"showMaterialUpdate":false,"showSkybox":false,"showFlares":true,"showImageEffects":true,"showParticleSystems":true,"showVisualEffectGraphs":true,"m_FxEnabled":true},"in2DMode":false,"pivot":{"x":-0.4636341333389282,"y":5.147966384887695,"z":-0.06626284122467041},"rotation":{"x":-0.001311405678279698,"y":0.7360937595367432,"z":-0.0012535704299807549,"w":-0.6767004728317261},"size":5.501883029937744,"orthographic":false}